A 5
A 66
A 661
Aßlarer Straße
Aare-Mündung
Abchasien
Übersee
Abrams Complex
Abtei Münsterschwarzach
Achenbachstraße
Achensee
Adalbertstraße
Adam-und-Eva-Brunnen
Adria
Adrianopel
Affenbrunnen
Affentorhaus
Affentorhaus West
Agais
Airlenbach
Ökumenische Zentralstation
Albert-Schweizer-Kinderdorf
Alexanderstraße
Algier
Alhambra
Alleenring
Allgau
Allgäu
Alma Ata
Alster
Alt-Bergen
Alte Haus von 1327
Alte Josefshaus
Alten Brücke
Altenbuch
ALTENBURG
Alten Frankfurter Straße
Altenhilfe-Zentrum
Altenwohnheim
Alte Oper
Alter Kirchhainer Weg
Altertumsmuseum
Alte Schulstraße
Alt-Heidelberg
Altmünstermühle
Alt-Nied
Alt-Niederursel
Alt-Sachsenhausen
AltSachsenhausens
Alt-Schwanheim
AltSchwanheim
AltSossenheim
Altstädter Markt
Am Bügel
Am Ginnheimer Wäldchen
Am Hohlakker
Am Villaberg
Am Wiesenhof
An den Röthen
An der Roseneller
Andromeda
Anhausen
Anna-Schmidt-Schule
Anne-Frank-Schule
Antoniterstraße
AOK-Haus
Apotheke am Markt
Appelsgasse
Aralsee
Arbeiter-
Architekturmuseums
Archivkino Caligari
Argentiniens
Argo
Arktis
Arlberg
Armeniens
Army-Gelände
Arndtstraße
Arnsburger Straße
Arolsen-Landau
Artischockenbrunnen
Arvelaez
Aschaffenburg
Aschaffenburger Straße
Aserbaidschan
Aserbaidschans
asiatische Subkontinent
Assenheim
Assenheimer Straße
östlichen Sachsenhausen
Athen
ATHEN
Athenaum
Athener Kasernen
Atlantik
Atlantis
Auerbach
AUERBACH
August-Schanz-Straße
Ayers-Kaserne
B 40
Büdinger Straße
Büdungen
Bügel
Bük-Gebirge
Bürgerhaus Bornheim
Bürgerhaus Dornbusch
Bürgerhaus Griesheim
Bürgerhaus Heilsberg
Bürgerhaus Nieder-Erlenbach
Bürgerhaus Nordweststadt
Bürgerhaus Philantropin
Bürgertreff Bockenheim
Bürgertreff Depot
Bürgertreff Gutleut
Bürgertreff Philanthropin
Büttelborn
Büttelborner DRK-Heimes
Babenhausen
Babenhäuser Landstraße
Badeort Miedzyzdroje
Bad Homburg
BAD HOMBURG
Bad Homburgs
BÜDINGEN
BÜDINGEN-NORD
BÜDINGEN-SÜD
Bad Mergentheim
Bad Oeynhausen
Bad Orb
Bad Soden
Bad Vilbel
BAD VILBEL
Bad Vilbelern
Bahia Blanca
Bahnbetriebskantine
Bahnhof
Bahnhofs-
Bahnhofstraße
Bahnhofsviertel
Baku
Balduinstraße
Bamni
Bankenplatz Berlin
Bönstadt
Barbarossastraße
Barckhausstraße
Barckhaustraße
BärengassenScheune
Basilika
Basler Straße
Batschkapp
Batschkapp Station
BÜTTELBORN
Böttgerstr.
Bauernstaates
Baum im Odenwald
Bechtenwaldstraße
Beim Kelch
Belgrad
Belgrano
Ben-Gurion-Ring
Bereich Nordend-Mitte
Bergen
Bergen-Enkheim
BergenEnkheim
BERGEN-ENKHEIM
Berger Hang
Berger Straße
Berg-Karabach
Bergkirchen
Bergstraße
Beringstrase
Berkersheim
Berkersheimer Weg
Berkersheim und Nied
Berlin
Berliner Stadtschlosses
Berliner Straße
Berner Straße
Berthold-Otto-Schule
Bertramstraße
Bethmann-Hollweg-
Bethmann-Hollweg-Straße
Beuthener Straße
Bezirk F
Bezirksbad Nieder-Eschbach
Bezirksbad Süd
Bezirkssportanlage Hahnstraße
Bezirkssportanlage Nieder-Eschbach
BG-Unfallklinik
Bialystok
Bieberach
Biebergemünd
Biebrich
Bierstadt
Billtalhöhe
Bingelsweg
Birstein
Bischof-Ketteler-Haus
Bischofsheim
Bistum Limburg
Bizzenbachtal
Blankenheimer Straße
Blätterwald
Bleichstraße
Bleiweißstraße
Blocksberg
Bockenheim
BOCKENHEIM
Bockenheimer Landstraße
Bockenheimer Warte
Bodensee
Bogotá
Bokenheim
Bokkenheim
Bolongaropalast
Bolschoi
Bonames
BONAMES
Bonameser Sportplatz
Bonn
BONN
Bonner Kunstverein
Bordeaux
Bornheim
BORNHEIM
Bornwiesenweg
Borsdorf
Borsigallee
Boseweg
Bosnienes
Bosnien-Herzegowina
Bosniens
Bosporus
Botanischen Garten
Bovelands
Brandenburger Straße
Brandholz
BRD-Federführungen
Bregenzerwald
Breitenbachbrücke
Bremen
Bremer Straße
Brentano-
Brentanobad
Brentanopark
Breslauer Straße
Broadway
Brotfabrik
BRUCHKÖBEL
Brunhildenstr.
Buchenrodestraße
Buchrain-
Buchrainplatz
Buchrainplatzes
Buchrainstraße
Bundesbahngelände
Bundesrepublik Deutschland
Bundestag-Plenarsaals
Burg Dreieichenhain
Burgfeld
Burgfestspiele
Burglehen
Burgstraße
Burnaston
Burnitzstraße
Buschwiesen
BUTZBACH
Café Exzess
Café Katakombe
Café Plazz
Cali
Caligari
Camberger Brücke
Camberger Straße
Campingplatz Niederrad
Candlelight Dinner Theater
Candlelight Theater
Capuccino
Caribbean
Carl-Goerdeler-Straße
Carl-Schurz-Siedlung
Carl-von-Drais-Straße
Chocó
Christ-König
ChristKönig
Christ-König-Gemeindezentrum
Christobal
Christuskirche
City-West
Clubhaus Ginnheim
Clubraum 1
Colmar
Conte
Cooky 's
Corelli
Covent Garden
Creglingen
Cristobal
Düdelsheim
Damaschkeanger
Dammbach
DARMSTADT
Darmstadt-Dieburg
Darmstadt-Dieburgs
Darmstädter Krone
Darmstädter Landstraße
Darmstädter Straße
DARMSTADT-WEST
Dörnigheim
Dassower
DDR
Decameron
Deichtorhallen
DEN HAAG
Departement Moselle
der hof
Deuil-la-Barre-Straße
Deutschen Architekturmuseum
Deutschen Bibliothek
Deutschen Haus
Deutsche Reich
Deutsches Goldschmiedehaus
Deutschordenstraße
DIEBURG
Dietesheim
Dietrich-Bonhoeffer-Schule
DIETZENBACH
Dillenburg
Dillenburger Straße
Dinkelsbühl
Dinner Theater
Dom
Donau
Donauauen
Dorfelder Weg
Dorfgütingen
Dorfwiesenweg
Dornbusch
DORNBUSCH
Dornholzhausen
Dorotheengarage
Drake-
Drake
Drake-Kaserne
Dreieich-
Dreieich
Dreieich-Götzenhain
Dreieich-Sprendlingen
Dreieichstraße
Dreifaltigkeitsgemeinde
Dribbdebach
DRK-Haus
Dunant-Siedlung
E 10.
E 9
Ebbelweiviertel
Ebbelwei-Viertel
Eberswalde
Ecke Haberweg
Eckenheim
ECKENHEIM
Eckenheimer
Eckenheimer Landstraße
Eddersheim
Edersee
EDINBURGH
Edinburgh Festival Theatre
Edirne
Eduard von Borsodys
Edward
Edwards-Kaserne
Egenolffstraße
Egerland
EGEuropa
Eichwaldhallen
Eifel
Eiffelturm
Eisenerzgrube Lindenberg
Eisenhüttenstadt-Land
Eisernen Hand
Elbestraße
Elbinger Straße
Elefanten-Apotheke
Elisabethenstraße
Elsaß
Elsaß-Lothringen
Elsasses
Emil-von-Bering-
Emmerich-Josef-Straße
Emmering
Enkheim
ENKHEIM
Enkheim Ost
Enkheim-Ost
Epiphaniaskirche
Eppingen
Eppstein
Erbach-Schönberg
Erbsengasse
Eremitage
Ergo Bibamus
Erich-Kästner-Schule
ERLANGEN
Erlenbacher Stadtweg
Erlenbach Stadtweg
Ernst-Kahn-Straße
Erzhausen
ESCHBORN
Eschenheimer Anlage
Eschenheimer Turm
Eschenplatz
Eschersheim
ESCHERSHEIM
Eschersheimer Landstraße
Eschwege
Espelkamp
Essen-Frintrop
Estlands
ESWE-Hochhaus
Eulenstr.
Europa
Europäischen
Evangelischen AndreasGemeinde
evangelischen Dornbuschgemeinde
evangelischen Gemeindehaus NiederEschbach
evangelischen Limesgemeinde
Ex-DDR
Ex-Jugoslawiens
Fürstenlager
Fürstenlagers
Fürth
Fährenstraße
Falkenheim
Falkenstein
Falkstraße
Farkas
Faulenberg
Fechenheim
FECHENHEIM
Feldbergstraße
Ferdinandstraße
Festplatz Hügelstraße
Festzelt Michaelismesse
Feuchtwangen
Feuerbachstraße
Feuerwache
Fichardstraße
Fidschi-Inseln
Fife
Filmmuseum
Finanzplatz Berlin
Finkenhofstraße
FISCHBACHTAL
Flößer- und Deutschherrnbrükke
Flachstraße
Flanderns
Flörsheim
FLÖRSHEIM
Flaschenburgstraße
Fliederweg
Forst Roßberg
früheren Bundesgebiet
Franckfurt
Frankenallee
Frankfurt
FRANKFURT A. M.
Frankfurt am Main
FRANKFURT-CITY
Frankfurter Berg
FRANKFURTER BERG
Frankfurter Forst
Frankfurter Landstraße
Frankfurter Römer
Frankfurter Straße
FRANKFURT-NORD
FRANKFURT-NORDWEST
FRANKFURT-OST
FRANKFURT-SÜD
FRANKFURT-WEST
Frankreich-D-KORR
Frauenzentrum
Frauenzentrum Friedberg
Freibad Maaraue
freien Welt
Freiheitsplatz
Freiheitsstatue
Freiherr-vomStein-Straße
Freilichttheater
Fridericianum
Friedberg
FRIEDBERG
Friedberger Landstraße
Friedberger Straße
Friedel-Baureis-Haus
Friedensbrücke
Friedrich-Ebert-Anlage
Friedrich-Ebert-Schule
Friedrich-Ebert-Straße
FRIEDRICHSDORF
Friedrichshafen
Friedrichsheim
Friesengasse
Fritz-Tarnow-Straße
FTG-Sportzentrum
Fuchstanzstraße
Fuldaquelle
Günthersburgpark
Günthersburgparks
Galerie Heussenstamm-Stiftung
Gallus
GALLUS
Gallusparks
Gallusviertel
Galluswarte
Gamburg
Göpfert-Haus
Görlitz
Görlitzer Straße
Gartenschaugeländes
Gartenstraße
Gässi
Gaußstraße
Gebeschusstraße
Gebsattel
Geisenheim
Gelben Foyer
GELNHAUSEN
Gelnhäuser Coleman-Kaserne
Gelnhäuser Straße
Gemarkung Fronhausen
Gemeinde Schwanheim
Gemeinde Zwesten
Gendorf
Georgiens
Georg-Muth-Haus
Gerätehaus Dillgasse
Gerhart-Hauptmann-Ring
Gernsbach
Gesamt-Berlin
Geschwister-Scholl-Schule
Gewerbepark
Gießen
GIESSEN
Ginnheim
GINNHEIM
Ginnheimer Landstraße
Ginnheimer Wäldchen
Ginsterweg
Glauburg-
Glauburg
Glauburgplatz
Glauburgstraße
Gluburg-
Gluckstraße
Goethegymnasiums
Goldbergweg
Goldenen Apfel
Goldshöfe
Goldstein
GOLDSTEIN
Goldsteiner Sportanlage
Goldsteinpark
Goldsteinparks
Goldsteins
Goldstein-Süd
Goldstein-Siedlung
Goldsteinstraße
Gonzenheim
Gorazde
Gotha
Grüner Weg
Grünsammelstelle Mörfelden
Größe Rosbachs
GrabowBuckow
Graebestraße
Gräf-
Gräfelfing
Gräfendeichstraße
Gräfstraße
Grönland
Grasellenbach
Greiffenclauschen Hauses
Grempstraße
Grethenweg
GRIESHEIM
Griesheimer Sporthalle
Griesheimer Uferweg
Grillplatz Bonames
Große Nelkenstraße
Großen Haus
Groß-Gerau
Groß-Karben
GROSS-GERAU
Guebwiller
Gujarat
Gujarats
Gummersbach
GUS
Gutleut
Gutleutstraße
Gutleutviertel
Gutzkowstraße
Gwinnerstraße
Habelstraße
Höchst
HÖCHST
Höchster Bahnhof
Höchster Schloßpark
Höchster Straße
Höchsts
Höhe
Halle Beuel
Hallenbad Sachsenhausen
Hamburger Allee
Hamburger Deichtorhallen
Hammanstraße
Hammersbach
HAMMERSBACH
HANAU
Hanauer Landstraße
Hanauer Stadtkrankenhaus
Hanau-Rodenbach
Hanau-Wilhelmsbad
Hansaallee
Harheim
HARHEIM
Hartmannsweiler Straße
Harvestehuder Weg
Hasloch
Hattersheim
HATTERSHEIM
Hattersheimer Straße
Hauptbahnhof
Hauptstraße
Hauptwache
Haus Dornbusch
Haus Dr. Bäck
Haus Eckenheim
Hausen
HAUSEN
Hausener Mühle
Hausenern
Hausener Weg
Häuser Marktstraße
Häusermeer
Hauses Mertens
Haus Gallus
Haus Nied
Haus Ronneburg
Haus Seeblick
Haus zum Löwen
Havanna
Haydau
Hebelstraße
Heddernheim
HEDDERNHEIM
Heddernheimer Kirchstraße
Heddernheimer Landstraße
Heddernheimers
Heddernheims
Heide
Heidelberger Schwimmbad
Heiligenstockwegs
Heiliggeistkirche
Heimatmuseums-Muff
Heinestraße
Heinrich-Becker-Straße
Heinrich-Hoffmann-Straße
Heinrich-von Brentano-Schule
Heister-
Heisterstraße
Heiterkeit
Hellerbrücke
Hemsberg
Henri-Dunant-Ring
Hermannstraße
Herrenwingert
Herrnstraße
Herxheimer Straße
Herzbachweg
Hesse
Hessenland
Hessenpark
Hessenplatz
Hessenplatzes
Hessens
Hessische
HESSISCHE
Hessischen Gemeinschaftsunterkunft
Hessische Rhön
Hessisches Puppenmuseum
HEUSENSTAMM
Heussenstamm-Stiftung
Hilfezentrum im Hufeland-Haus
Hilligengasse
Hindenberg
Hinter der Burg
Hinterhaus
Hirsch-
Hirschhornstraße
HL-Parkplatz
Hochheim
HOCHHEIM
Hochrheintal
Hochstraße
Hochtaunus
HOCHTAUNUS
Hochtaunuskreis
HOCHTAUNUSKREIS
Hoechst
Hofbräuhaus
Hofgut Goldstein
Hofhausstraße
HOFHEIM
Hofheimer Kulturamt
Hohenstaufenstraße
Hohestein / Ekkenberg
Hohestraße
Holbeinstraße
Holzhausenpark
Holzhausenstraße
Holzhecke
Holzmannstraße
Homberg an der Ohm
Homburger Landstraße
Horkheimers
Hotelflur
Hungerbach
Hyde Park
Idschewan
﻿Elisabethenstraße
Illingen
Im Mainfeld
Im Sauern
Im Staffel
Im Steinchen
Indiens
Indochina
Industriehof
INDUSTRIEHOF
Industriehofs
Innenstadt
INNENSTADT
israelischen Staat
Israels
Istra
Jüterbog
Jahrhunderthalle
Japanerinnen
Japanische
Jazzkeller
Jazzlife
Johanna-Kirchner-Altenhilfezentrum
Johanna-Melber-Weg
Johanniter-Abtei
Johanniter-Cronstetten-Altenhilfe
Johanniterturm
Johanniterturms
Johann-Kirchner-Straße
John-F .
Josefskirche
Josefsklause
Jubiläumspark
Judengasse
Judenviertel
Jugendhaus Bonames
Jugendhaus Goldstein
Jugendhaus Goldstein / Schwanheim
Jugendräume
Külsheim
Köbeler Weg
Kaichen
Kaiser-Friedrich-Ring
Kaiser-Sigmund-Straße
Kaiserstraße
Kalbach
KALBACH
Kalbacher Stadtpfad
Kalbacher Straße
Kallebad
Kaltmühle
Kammerspielen
Königsberg
Königshofen
Königstein
KÖNIGSTEIN
Königsteiner Straße
Kapellenstraße
Kapersburghütte
Kappelberg
Karben
KARBEN
Karibik
Karl-Eckel-Weg
Karl-Ekkel-Weg
Karl-Kirchner-Siedlung
Karl-Marx-Buchhandlung
Karlstraße
Karpaten
Kasach
KASSEL
Kastellstraße
Katakombe
Katharinen- und Weißfrauenstift
Käthe-Kollwitz-Haus
Keglerklause
Kelsterbach
KELSTERBACH
Kelsterbacher Knoten
Kelsterbacher Knotens
Kelsterbacher Weg
Kelsterbachs
Kennedyallee
- Kennedy-Schule
Kennedy-Schule
Kevadia
Kiefernstraße
Kildare
Kimbach
Kinderhorts Siemensallee
Kindertagesstätte
Kindertagesstätte Georgenstraße
Kindertagesstätte Okarben
Kirche Ramholz
Kirch-Göns
KirchGöns
Kirch-Gönser Gemarkung
Kirchgasse
Kirchholz
Kirchplatz
Kirchzarten
Kirdorf
Kirow
Klütz
Klützer Winkel
Klapperbrunnen
Klappergass'-
Klappergass
Klappergasse
Klatschmohn
Kleingartenanlage Zur Waldau
Kleingartenverein Miquel
Klein-Gerau
Kleyerstraße
Kloppenheim
Klosterhof
Klosterhof Schlüchtern
Knodenkopf
Kochbrunnen
Kohlheck-Apotheke
Kollwitzstraße
Kolumbiens
Kommunale Kino
Konrad-von-Preysing-Haus
Kopfbahnhof
Korffstraße
Koselstraße
Krehberg
Kreiskrankenhaus Bad Soden
Kreuzberg
Kriegkstraße
Kriftel
KRIFTEL
Krifteler Straße
Kronberg
Kronberg-Schönberg
KT-Bistro
Kuhwald
Kulmbach
Kulturcafé
Kunstgewerbemuseum Berlin
Kurhaus-
Kurhessenstraße
Kurpark
Kutchch
Lübecker Bucht
Lübekker Bucht
La Florida
Lahn-Dill-Kreis
Lahndreiecks
Lahnstraße
La Matalla
Lampertheim
LANDAU
Landes Hessen
Landes Nordrhein-Westfalen
Landgerichts Darmstadt
Landgraben
Land Hessen
Landkreis Würzburg
Landstraße
Langenbergheim
Langen Steg
Langer Weg
Lörrach
Lateinamerikas
Lötzener
Lötzener Straße
Lauda
Löwengasse
Leipziger Straße
Lenaustraße
Leninskij Prospekt
Lerchesberg
Lerchesbergs
Lersnerstraße
Leuchte
Leunabrücke
Leunastraße
Levern
Lichtenfels
Liebigstraße
Liederbach
Lima
LIMA
Limburg-Weilburg
Linkstraße
Linneplatz
Linneplatzes
Linnespielplatz
Lohfelden
LOHFELDEN
Lohstraße
Lokalbahnhof
Lokalbahnhofs
LONDON
Loreley
Lortzingstraße
Lotto-Toto-Volz
Louisa
Louis-Pasteur-
Louis-Pasteur-Straße
Ludolfusstraße
Ludwig
Ludwig-Erhard-Anlage
Ludwig-Landmann-
Ludwigshafener Süd-West-Stadion
Ludwigslinde
Ludwigs Linde
Luisenhof
Lully
Luperon Beach
Lurgiallee
Luxemburgerallee
Mücheln
Mücheln-Geiseltal
Mühlbaches
Mühlgarten
Mühlheim
Mülhausen
Mülldeponie Mörfelden
Münsterschwarzach
Madhya Pradesh
Maharashtra
MÜHLHEIM
Maidanek
Maihingen
Mailänder Universität
Main
Main-Kinzgi-Kreis
Main-Kinzig-Kreis
MAIN-KINZIG-KREIS
Main-Kinzig-Kreises
Main-Kinzig-Kreistag
Mainkur
Main-Neckar-Brücke
Main-Nekkar-Brücke
Mainplatz
Mains
Mainstraße
MAINTAL
Maintal-Hochstadt
Main-Tauber-Halle
Main-Taunus-Kreis
MAIN-TAUNUS-KREIS
Mainzer Landstraße
Mainzer Str.
Malerviertel
Möllers Wäldchen
Malsfeld
Mampf
Mönchsroth
man trifft sich
Marbachweg
MARBURG
Marburg-Biedenkopf
Marburger Bahnhofsmission
Marburger Straße
Mörfelden
Mörfelden-Walldorf
MÖRFELDEN-WALLDORF
Mörfelder Landstraße
Mariä-Himmelfahrt
Mariä-Himmelfahrt-Gemeinde
Marienstraße
MarienTheater
Marinskij
Markelsheim
Märkerwald
Märkischen
Marktheidenfeld
Marktplatz
Marktstr.
Marktstraße
Markus-Krankenhaus
Marschnerstraße
Martinskirchstraße
Martinuskirche
Mathildenstraße
Matzariniari de Satipo
Mauritiusstraße
Maybachstraße
Mechterstädt
Mecklenburgs Ost-
Mecklenburg-Vorpommern
MecklenburgVorpommern
Medellin
Medienzentrum
Medienzentrums
Mehrzweckhalle Erbstadt
MEIKE GÜNZEL
Melanchthonplatz
Melsungen
MELSUNGEN
Mendelssohnstraße
Mercatorstraße
Merian-Apotheke
Merton-Viertel
Messeturm
MEXIKO
Mexiko-City
Mexikos
MGS
Michael-Barracks
MichaelBarracks
Michael-Grzimek-Schule
Miltenberg
Minden
Minimal-Markt
Minsk
Misdroy
Mittel-
Mittelmeer
MohaGelände
Moha-Geländes
Momart
Morschen
MOSKAU
Moskwa
Mozart-Saal
MTK
Munchen
Museum Großauheim
Museum Schloß Philippsruhe
Museum Schloß Steinheim
Music-Hall
Musiktheater
Nachtweide von Patershausen
Nördlingen
Narew
Narewflusses
Narmada
Narmada Fluß
NASSAU
Nationalpark Schleswig-Holsteinische Wattenmeer
Naturfreundehaus Gallus
Naturfreundeheim
Naturpark Unteres Odertal
Nauheim
NAUHEIM
Navagam
Naxos-Halle
Neeber-Schuler
Negativ
Nerostraße
Neu-Anspach
Neubrandenburg
Neuhebräischen
Neuhofstraße
Neu-Isenburg
NeuIsenburg
Newark
NEW YORK
Nibelungenplatz
Nida
Nidaforum
Nidda
NIDDA
Nidda-Altarm
Niddagaustraße
Niddatal
Niddaufer
Niddawehr
NIDDERAU
Nied
NIED
Nieder-Erlenbach
NIEDER-ERLENBACH
Nieder-Eschbach
NiederEschbach
NIEDER-ESCHBACH
Niederhöchstadt
Niederrad
NIEDERRAD
Niederräder Landstraße
Niederreifenberg
Nieder-Rosbach
Niederursel
NIEDERURSEL
Niederurseler Hang
Niederurseler Kerb
Niederursels
Nierstein am Rhein
Niklashausen
Nikolauskapelle
Noch-DDR
Nordbayern
Norddeutschland
Nordelsaß
Norden Bayerns
Nordend
NORDEND
Nordends
Nordhessen
Nordhorn
Nordkap
Nordossetien
Nordostpolen
Nordpark Bonames
Nordrhein
NordrheinWestfalen
Nordsee
Nordweststadt
NORDWESTSTADT
Nordwestzentrum
Ober-Eschbach
Oberlahnkreis
Ober-Lais
Obermühlgasse
Obermain
Oberrad
OBERRAD
Oberroden
Ober-Rosbach
Obertaunus
Oberursel
Ochsenfurt
Odenwald
Oder
Odertal
Oeder Weg
Oeder Weges
Oeder Wegs
Oeserstraße
OFFENBACH
Offenbacher Landstraße
Offenbacher Leonhard-Eißnert-Park
Offenbacher Straße
OHS
Okriftel
Okrifteler Straße
Olbrichstraße
Olfen
Olof-Palme-Haus
Oppenweher Moor
Orient
Ortsbeirates
Oskar-Sommer-Straße
Oskar-von-Miller-Straße
Osmanische Reich
Osnabrück
ostdeutschen Bundesländern
Ostend
OSTEND
Ostend Platz
Osteuropas
Ostheim
Ostlothringen
Ostparks
Ostpark-Spielplatz
Ostring
Ostzeile
Otto-Fleck-Schneise
Otto-Hahn-Halle
Otto-Hahn-Platz
Otto-Hahn-Schule
Palais Osthafen
palästinensischen Staat
Palatium
Palmengarten
Paracelsus-Apotheke
Paradiesplatz
Paris
PARIS
Parkplatz
Parkplatz Zur Untermühle
Parkpromenade
Patershäuser Hof
Paulskirche
Pausenhof
PEKING
Pendlerstraße
Petrihäuschen
Petrihäuschens
Petterweil
Petterweilstraße
Pfaffegassle
Pfaffenbrunnenweg
Pfaffenwiesbach
Pfälzerwald
Pfarrkirche
Pflegeheim Bockenheim
Pfortenwingert
Philipp-Reis-Straße
Philippruher Allee
Philippsruher Allee
Pinakothek
Plaja Paraiso
Plaza Belgica
Plenarsaal der Stadtverordnetenversammlung
Plettenberg
Polens
Polozk
Porta Westfalica
Port Bou
Porthstraße
Postsportanlage
Poststadion
Potsdamer Platzes
Pottum
PRAG
Prater
Praunheim
Praunheims
Prenzlau
preußischen Staates
Preungesheim
PREUNGESHEIM
Pritzwalk
Pro Familia-Zentrum:
Promenade
Puebla
PUEBLA
Pueblo
Puerto Rico
Pulversheim
Rückertstraße
Rügen
Rükkertstraße
Rüsselsheim
Rüsselsheimer Lahnstraße
Rödelheim
RÖDELHEIM
Rödelheimer Sozial- und Rehabilitationszentrums
Rödelheimer Straße
Rödelheimer Vereinsringheim
Rödelheims
Rajasthan
Rajasthans
Römer
Römerberg
Römerstadt
RÖMERSTADT
Ramholz
Römisch-Germanischen Zentralmuseum
Rapp-
RÜSSELSHEIM
Rathaus
Rathaushof
Röttingen
Ratzeburger See
Rebstockbad
Regelbereich 7
Rehlingen
Reicholzheim
Rex
Rhön
Rhönstraße
Rhein
Rheinebene
Rheingau
Rheinland-Pfalz
Rhein-Main
Rhein-Main-Gebiet
Rheins
Riederwald
Riedsportplatzes
Riedwiese
Riga
Rikkar-Museums
Ring
Rio de la Plata
Ritterbrunnen
Roca
Rodheim
Rohmerplatz
Rohrbachstraße
Rohrbrunn
Rom
Romanische Haus
Ronneburg
RONNEBURG
Rosario
Rosbach
ROSBACH
Rosegger-Sportplatz
Rosengärtchen Wetzlar
Rostock
Roten Moor
Rothenburg
Rotlintstraße
Rotteckstraße
Rottendorf
Rottweiler Straße
Rue des Marechaux
Rue des Prêtres
Rugby
Rumänien
Rumpenheim
Russische
Russischen Kapelle
Ruvuma
S 5
Süd-
Südbahnhof
Südbahnhof-Stresemannallee
Südhessen
Südossetien
Süd-Ossetien
Süd-Ossetiens
Südrußland
Südsee
Südspanien
Südstedt
Saalburgstraße
Saar
Saarbrücken
Sachsenhausen
SACHSENHAUSEN
Sachsenhausens
SachsenhausenSüd
Sachsenhausen West
Sachsenhausen-West
Sachsenhäuser Holbeinstraße
Sachsenhäuser Landwehrweg
Sachsenhäuser Landwehrwegs
Sachsenhäuser Lokalbahnhof
Sachsenhäuser Platz
Sachsenhäuser Warte
Sackgasse
San Felipiano
Sanierungsbüros Bockenheim
Sankt-Katharinen- und Weißfrauenstifts
San Martin
Santa Librada
Sardar Sarovar
Sardar-Sarovar
Sardar-Sarovar-Damm
Sardar-Sarovar-Dammes
Sarmiento
Saturn
Savoyen
Scene-Lokal
Schützenhüttengäßchen
SchadeMarkt
Schäferstraße
Schöneck
SCHÖNECK
Schauplatz Fürstenlager
Scheffel-
Scheffelstraße
Schillerpassage
Schillerstr.
Schillingsfürst
Schlüchtern
SCHLÜCHTERN
Schleswig-Holsteins
Schloß
Schloßberg
Schloßberghalle
Schloßberghalle Nidderau
Schloß Cecilienhof
Schloßhof
Schloß Hohenschwangau
Schloß Homburg
Schloß Neuschwanstein
Schloßplatz
Schloß Ramholz
Schloß Sanssouci
Schloß Steinheim
Schloßstraße
Schmidgass
Schmitten
SCHMITTEN
Schossewitz
Schotten
Schotterweg
schottische Hochland
Schrimpegaß
Schrimpegasse
Schuberstraße
Schultheißstr.
Schwabach
Schwäbisch Hall
SCHWALBACH
Schwalbenschwanz
Schwalm-Eder-Kreis
Schwälmer Straße
Schwalmstadt
SCHWALMSTADT
Schwalmstädter Region
Schwalmstadt-Ziegenhain
Schwanheim
SCHWANHEIM
Schwanheimer Dünen
Schwanheimer Mainbrücke
Schwarzbach
Schwarzbachmühle
Schwarzbachstraße
Schwarzburgstraße
Schwarzerlenweg
Schwarzwald
Schwedenstraße
Schweinfurt
Schweizerstraße
Schwenningen
Schwimmbad Heidelberg
Seckbach
SECKBACH
Seckbacher Landstraße
SED-Staates
See am Goldberg
Seehofstraße
Seelenberger Straße
Seligenstadt
SELIGENSTADT
Semper-Oper
Senefelderstraße
Seniorenzentrum Altmünstermühle
Sensbachtal
Seoul
Serbiens
Seulberger Straße
Siebenbürgen
Siegener Straße
Siegfriedquelle
Siemensallee
Siemensstraße
Siena
Siesmayerstraße
Simmelsberg
Sindlingen
Sinkkasten
Sixtina
Skatstadt
Smooth Criminals
Sobibor
Sodener Kurparks
Sodom
Soest
Solms- und Brentanopark
Sonnemann-
Sonnemannstraße
Sonnen-Apotheke
Sophien-
Sophienstraße
Sorbonne
Sossenheim
SOSSENHEIM
Sossenheimer Feld
Soultz
Sozialstation
Spanierin
Speckweg
Spielplatz Eichen
Split
Spohrstraße
Sporthallenbau Worfelden
Sporthalle Worfelden
Sportplatz Bonames
Sportplatz Goldstein-Süd
Sportplatz Taunusblick
Spott-Licht-Theater
Sprendlinger Landstraße
Springer
Spritzehaus
Städel
Stadt-
Stadtbücherei
Stadthalle
Stadthalle Hanau
Stadthalle Zeilsheim
Stadt Maintal
Stadt Marburg
Stadt Offenbach
Stadtpark NiederEschbach
Stadtpark-Pavillon
Stadt Schwalmstadt
Stadtteil-Fenster
Stadtteil Gallus
Stadtteil-Gremium
StadtteilRundschau
Stadtteil Votanikos
Stadtwald
Staffel
St. Aposteln
Starkenburg
Starkenburger Straße
Starkenburgring
Starkenburgrings
Startbahn West
Staudinger
Staufen
St. Bonifatius
Steffenshagen
Steinbach
Steinbacher Straße
Steinchen
Steinheimer Schloß
St. Elisabethenkrankenhauses
Steubenstraße
St.-Georgs-Kirche
Stichstraße
St. Jakobskirche
St.-Leonhards-Stift
St.-Lioba-Gemeinde
St. Martin
St.-Martins-Kirche
St.-Michaels-Kirche
St. Petersburg
St.-Peters-Kirchhof
Straßburg
Straßburger Straße
Straße Alt-Schwanheim
Straße Am Kirchholz
Straße Am Weingarten
Straße An den Röthen
Straße Im Staffel
Straße Zur Waldau
Stresemannallee
St.-Thomas-Gemeinde.
St.-Thomas-Gemeinde
St.-Vinzenz-Krankenhaus
Suhl
SULZBACH
Sulzbacher Straße
Surrey
Szczecin
Türkei
Türken
Tallin
Tallinn
Tallinns
Tansanische
Tauber
Taubertal
Taunusklinik
Tbilissi
Teescheunenhof
Templin
Terrace Club
Textil-Jusek
Textorstraße
Thüringen
Thailands
Theiß
Theodor-Heuss-Allee
Tiblissi
Tiefkai
Tiflis
Tilsiter Straße
Tirana
Tiroler Straße
Titus Thermen
Titus-Thermen
Tivoli
Tokio
TORONTO
Treblinka
Triftstraße
Tschetscheno-Inguschischen Autonomen Republik
Turnhalle Am Ellerfeld
U-Bahn-Station Bockenheimer Warte
UdSSR
Uhlandstraße
Uhlfelder Straße
Ulan Bator
Umgehungsstraße
Ungarns
Universität Frankfurt
Universitätsbibliothek
Unter-
Unterliederbach
UNTERLIEDERBACH
Untermain
Untertorstraße
Uranus
Urquiza
US Air Base
Usedom
Usinger-Land
Usinger Weg
Vater Rhein
Vatikan
VDM-Gelände
Veracruz
Vereinigten Staaten
Vereinsheim
Vergnügungspark
Vertrieb
Vetzersberg
Vichada
Viktoria
Vilbeler Landstraße
Vincenzstraße
Vogelsberg
Vogelsbergkreis
Vogesenstraße
Vojvodina
Volksbildungsheim
Volkshaus
Volkshauses
Volkstanz-Parkplatz
Vorstadt
Würzburg
Wächtersbach
Wächtersbacher Straße
Wöhlergymnasiums
Waidmannstraße
Waldeck-Frankenberg
Waldenserhaus
Waldenser Hof
Waldkraiburg
Waldoder
Waldstadion
Walhalla
Walldorf Astoria
Wallerstein
Wallstraße
Walter-vom-Rath-Straße
Warschau
Wasserhofstraße
Wasserkuppe
Wasserwerk Hintermark
Waterkant
Wattenmeeres
Watterbach
Weberstraße
Wed
Wehrheim
WEHRHEIM
Wehrstraße
Weißkirchen
Weißkirchener Weg
Weidenbornstraße
Weiherstraße
Weikersheim
Weilburg
WEILBURG
Weilburger Bergbaumuseums
Weilmünster
Weimarer Republik
Wendehammer
Wendehammer Arolser Straße
Wendelsplatz
Werkstatt
Werra-Meißner-Kreis
Wertheim
Westdeutschen
Westen
WESTEND
Westerwald
Westeuropas
westfälischen Mühlenstraße
Westhausen
WESTHAUSEN
WESTLICHE STADTTEILE
Westumgehung Unterliederbach
Wetterau
Wetteraukreis
WETTERAUKREIS
Wicker
Wickerbach
Widdlesbrough
Wielandstraße
Wiener Straße
Wienerwald
WIESBADEN
Wiesensee
Wildgarten
Wildunger Straße
Wilhelm-Epstein-Straße
Wilhelm-Leuschner-Straße
Wilhelmsbrücke
Wilhelmshöher Straße
Willemer
Windhorststraße
Wingertstraße
Wirtschaftsweg
Wittstock
Wladiwostok
Wolga
Worfelden
Wunderbar
Yokohama
Zchinwali
Zchinwalis
Zehntscheune
Zeißel-
Zeilsheim
Zeilsheimer Straße
Zeilweg
Zellingen
Zentgrafenstraße
Zeppelinallee
Ziegelhüttenweg
Zugspitze
Zum Hirsch
Zur Krone
Zur Stalburg
Zur Weilquelle
Zwangstaufe Synagoge
Zweibrücken
Zwesten
Kassel-Calden
